CAST[0],CAST[1],CAST[2],CAST[3],CAST[4],CAST[5],CAST[6]
Carrie-Anne Moss,Andrew Borba,Geoffrey Rush,Angela Bassett,Abraham Attah,Andre Braugher,Ewan McGregor
Gloria Foster,Anne Hathaway,Jack Davenport,Chadwick Boseman,Asa Butterfield,Beau Garrett,Ian McDiarmid
Hugo Weaving,Bill Irwin,Johnny Depp,Danai Gurira,Anne Hathaway,Chris Evans,Jake Lloyd
Joe Pantoliano,Casey Affleck,Jonathan Pryce,Daniel Kaluuya,Chloe Grace Moretz,Doug Jones,Liam Neeson
Keanu Reeves,Collette Wolfe,Keira Knightley,Forest Whitaker,Daniel Radcliffe,Ioan Gruffudd,Natalie Portman
Laurence Fishburne,David Oyelowo,Orlando Bloom,Letitia Wright,Jeff Goldblum,Jessica Alba,
Marcus Chong,Francis X. McCarthy,,Lupita Nyongo,Keanu Reeves,Julian McMahon,
,Jessica Chastain,,Martin Freeman,Tom Holland,Kerry Washington,
,John Lithgow,,Michael B. Jordan,,Laurence Fishburne,
,Matthew McConaughey,,Sterling K. Brown,,Michael Chiklis,
,Michael Caine,,Winston Duke,,,
,Wes Bentley,,,,,
,William Devane,,,,,
